	YSSQLAP	NTDUEEE	QLCWDAQ	IGTPFFY	YKIMHML
JHDNU	-3.670248773572812	-14118.880340719386	0.6128867884424035	KASST	-7.2653457662116985
MQTWY	-8.394453394521173	7042.466111962371	0.731361841019237	YIIIL	-8.057508515183093
NA	3.639273485566327	-6137.54905606393	0.5255762274985052	ZRKQC	-11.183887151485365
KWOFV	1.5492956638102888	4959.606491676567	0.7868568898774219	MOGQP	-4.615952681508607
EFOGM	-8.30548816235662	5948.576250911947	0.4019304035219379	NHZTN	-10.771691088153224
