	HLOJSAB	VPIJGZU	YESXVFX	RXLRUKQ	TYLLLQZ
JHDNU	32.231426900250725	1.6161497098559863	-0.14129681903536212	0	0
FCYCP	43.245028150010455	-0.35802300972662315	-1.2816470223719953	0	1
FCYCP	10.221155554811478	0.8576116200433433	-0.468736275156601	3	4
KWOFV	9.32189577311936	-1.0821677850003768	1.1466459388057928	1	0
EFOGM	58.62774265956369	-1.2367480377887003	1.5006758213672433	3	4
