	EVQIQGER	WFHNFTQO	EBIYGBIJ	YHYMWLJG	ZZYTEMRP
KAPJB	0.5081581390353282	0.8131619109287008	0.5051485761460817	0.3735810088072923	0.6136666694319182
RZMKQ	0.06181112123803223	0.43185658932702753	0.9592876571621342	0.4733600621956452	0.46060405429829343
YHIEK	0.017763749057208567	0.59184391316977	0.17936673387282942	0.8641166800786215	0.2560751974046632
WCREY	0.1913828723897758	0.034302530735433545	0.350953518834235	0.9272794611520767	0.6116831349480061
YUODC	0.5081870146048371	0.32617985266262506	0.28979405711790696	0.8445036532842359	0.6861787027863906
