	DRBZQELQ	PCHMTIWX	BCLGQBLD	DDSYCBQW	BJMLKKOS
TNCPU	0.05715456876610814	0.9609467384458369	0.004021133723059345	0.8523553224526191	0.9392365286115282
TBFLR	0.7457285526992293	0.4374799146000464	0.7042174870257778	0.21582087748707224	0.02123404743330315
OBLBA	0.1255702578215775	0.005251139181197018	0.07437421318134463	0.6808685042395339	0.990242128760618
GVXMV	0.7164520861030832	0.40349082228201305	0.7513261273944163	0.8751764112252407	0.42225750073448787
PKOCV	0.37266059234850346	0.9455830216397374	0.2897801301503875	0.8050364679684009	0.8820489184932294
