	SNHGW	DSVZL	LMIBW	QGLJS	VDJAT	XLGSY	BHZNK	SDCGW	FNAJX
SVEIPFK					0.28130706873274625	0.36308518005926294			
SCKALDE	0.0		0.0	0.0	0.0	0.563377510486675		0.6189122265979902	0.0
VDRUXUI		0.0	0.7261554548696202	0.0	0.32266200046803795	0.43242508757178855	0.0	0.0	0.0
JPASLFW	0.0	0.5161770111265594	0.6137606686715364	0.47053310864633957	0.0	0.0	0.34009850626758154		0.6892235635849504
FMSPWML		0.29285253844417924	0.5151626209653176	0.0	0.6038311816833711	0.0	0.0	0.5869432625521507	0.0
SMDMQRO	0.0	0.0	0.6317011679427591	0.0	0.6629605329939079		0.42195520519069807	0.0	0.7571813713163383
GBTTTOI		0.0	0.4529966264695464	0.0	0.28225057443140844	0.0	0.49233855560732565	0.0	0.0
