	DAICSMO	FLQMCPU	NEKQQQS	BDNQJUL	DIIWWWS
EVQIQGER	-0.4457646029906684	101010.16918812905	True	VBOIJS	KIKG
WFHNFTQO	0.9180692901897857	-92206.61332753664	True	RKAEMZ	AXUL
EBIYGBIJ	-0.137598643156242	-48195.673031059145	True	WIYIYF	CUIM
YHYMWLJG	-1.033863960129563	129422.43177623181	True	FMMEKQ	WMXI
ZZYTEMRP	-0.26800611702780075	-2749.4998238828744	True	XLNCPH	SIWO
