	JAPQPNX	JXHGQKT	PFICXCD	SUGFLJQ	MYOPGXI
JHDNU	True	HPEM	62986.792067847266	False	-214.78916671769565
MQTWY	False	MDMW	81979.164690242	True	-15271.624065115388
FCYCP	False	GXUY	92127.75294841816	True	-9085.115312043341
KWOFV	True	ECVN	64779.83494130105	False	1232.2423676973917
EFOGM	True	RUTK	33015.25911121081	True	27619.34980332845
