	HDEAOSA	HACMECQ	ANSBDVP	QXEJUHV	KFFODZO
JHDNU	False	3	0.5915162018998492	False	1861.1129679312899
MQTWY	True	3	0.42650009774241204	True	-189.27761250627987
FCYCP	False	3	0.13167986658792408	True	1750.3140090404584
KWOFV	True	1	0.8608501883414854	False	156.7134883573404
EFOGM	False	3	0.19481372314240897	False	2070.9283115449907
