	RZBZXFW	LPDGGGM	FQBPYON	QRJPKJQ	CSOONHV
JHDNU	GRWYBTVC	89439.45872364918	0	-716.6857618524945	-0.6400010398464879
MQTWY	VZIUMCST	52367.97296455115	2	-750.2192282810609	-1.1823632598719283
NA	FUTSTRXA	51979.94934391328	1	1245.2731695721623	0.5645316326758395
KWOFV	GCRJRUQH	57113.72187057264	0	2202.8944454388165	2.0685158793945124
EFOGM	PSDIFGLM	88609.06971411688	2	-200.84300635450484	0.6638693590305228
