	AOYJOXZ	HIPZLNU	OAUGPTK	YBRNCHA	NGVRYND
JHDNU	0.6901983702905989	False	FBPHPVI	-102.61775748810444	0.21848335748223702
FCYCP	0.8415593854364911	False	TCQIJPH	-85.33244762446125	0.09879801325735904
FCYCP	0.11480794427490626	False	LLNKTWV	-113.53399200562836	0.6932705980007263
KWOFV	0.6600378845610182	True	OSGOGYC	49.07521672049131	0.5565933241374225
EFOGM	0.2697203358472975	True	VKZXVFF	-58.78865270145107	0.0068402497602051415
