	DAZNX	RTFQJ	DVZAD	BOKOZ	XYREQ
ZQROWJH	-1.0	0.0	0.0	0.0	0.43598909257856766
FPOGJTV	0.0	0.37204851949171636	0.5089770616669075	0.33792711396139796	0.0
ZHYFPNT	0.3821322272095764	0.0	0.3599977208662133	0.581882705656395	0.4061111776878781
GPNZVNF	0.0	0.0	0.5308531319332888	0.0	0.4344851221446947
EVEBSWJ	0.6264291632296037	0.31220020479469324	0.6263638921922621	0.4062460918862296	0.0
