	LBKWPGZW	SYBTXWRN	QAQDSBLM	ZYHAFWYG	WCOAPUFV
QPEEV	0.6997351740651182	0.7773839879405005	0.5624066903694385	0.6882941583804185	0.40682965982367714
PAWNB	0.030957745718194096	0.8617092858903131	0.9277539448264291	0.5375855124181815	0.3717347945900553
OOBBI	0.23964702992790432	0.2100668727515861	0.9821085556689153	0.10305439351806611	0.6382024558525481
RWNGI	0.726740126239653	0.6080464045535472	0.4542545998401045	0.04342563441338665	0.9482028059918557
SKLRF	0.9302824517059443	0.2984879829959334	0.6981469290094405	0.7371804399826848	0.9552850582088669
